<?xml version="1.0" encoding="UTF-8"?>
<!DOCTYPE suite SYSTEM "https://testng.org/testng-1.0.dtd">
<suite name="Suite">
<parameter name="url" value="http://leaftaps.com/opentaps/control/main" > </parameter>
<parameter name="username" value="Demosalesmanager" > </parameter>
<parameter name="password" value="crmsfa" > </parameter>

  <test thread-count="5" name="Test">
    <classes>
      <class name="week6.day1.CreateLead1"/>
    </classes>
  </test> <!-- Test -->
</suite> <!-- Suite -->
