<?xml version="1.0" encoding="UTF-8"?>
<!DOCTYPE suite SYSTEM "https://testng.org/testng-1.0.dtd">
<suite name="Suite" parallel="tests">
<parameter name="url" value="http://leaftaps.com/opentaps/control/main" > </parameter>
<parameter name="username" value="Demosalesmanager" > </parameter>
<parameter name="password" value="crmsfa" > </parameter>

  <test thread-count="5" name="ChromeTest">
  <parameter name="browser" value="Chrome" > </parameter>
    <classes>
      <class name="week6.day1.CrossBrowser"/>
    </classes>
  </test> <!-- Test -->
  
  <test thread-count="5" name="EdgeTest">
  <parameter name="browser" value="Edge" > </parameter>
    <classes>
      <class name="week6.day1.CrossBrowser"/>
    </classes>
  </test> <!-- Test -->
  
  <!-- <test thread-count="5" name="IETest">
  <parameter name="browser" value="InternetExplorer" > </parameter>
    <classes>
      <class name="week6.day1.CrossBrowser"/>
    </classes>
  </test> Test -->
</suite> <!-- Suite -->
