<?xml version="1.0" encoding="UTF-8"?>
<!DOCTYPE suite SYSTEM "https://testng.org/testng-1.0.dtd">
<suite thread-count="2" parallel="classes" verbose="5" name="Leads">
  <test name="AddingLeads">
    <classes>
      <class name="week5.day1.CreateLead"/>
      <class name="week5.day1.EditLead"/>
    </classes>
    </test>
    <test name="RemovingLeads">
     <classes>
      <class name="week5.day1.MergeLead"/>
      <class name="week5.day1.DeleteLead"/>
    </classes>
    
  </test> <!-- BasicLeads -->
</suite> <!-- Leads -->
